Label,col-0,col-1,col-2,col-3,col-4,col-5,col-6,col-7,col-8,col-9,col-10,col-11,col-12,col-13,col-14,col-15,col-16,col-17,col-18,col-19,col-20,col-21,col-22,col-23,col-24,col-25,direction,Cluster,cluster0_pred,cluster1_pred,cluster2_pred,selected-cluster,prediction,random-prediction
0.64057964,0.029572835,0.005440691,0.026932074,0.015837103,0.015837103,0.031014966,0.6231884,0.63539445,0.57714283,0.60034597,0.5873016,0.55466235,0.5920852,0.6013793000000001,0.60198295,0.5751725000000001,0.08836826,0.0018857139,0.28099346,0.25102136,0.6584489,0.20527038,0.21593365,0.18975204,0.049311444,0.05562146,3.0,1.0,0.6130158,0.64306927,0.5528416,cluster1_pred,2.0,2
0.63188404,0.26834613,0.24265505,0.24941452,0.23755658,0.23755658,0.12151104,0.54782605,0.5970149,0.57714283,0.64532864,0.64444447,0.6800643,0.7534246,0.7337931,0.74079317,0.7200001,0.17059304,0.16978861,0.53513044,0.4400647,0.8967562,0.6470776,0.6322095,0.8232853000000001,0.20580381,0.20082349,3.0,1.0,0.5627663,0.6092681,0.5908989,cluster1_pred,2.0,3
0.6144927,0.03943044,0.015233948,0.03629976,0.02714931,0.02714931,0.04802931,0.63188404,0.63752663,0.5638095000000001,0.6193771,0.5888889,0.5707395000000001,0.62404865,0.6468965,0.6246458,0.5737932,0.14041443,0.060317453,0.25478503,0.24516629,0.60846734,0.23035432,0.3619231,0.54839545,0.07722825,0.09987303,3.0,1.0,0.6013514,0.6323747,0.5417881,cluster1_pred,2.0,3
0.60869557,0.69660467,0.7018498000000001,0.7107729,0.72737557,0.72737557,0.023081562000000003,0.68405795,0.79744136,0.7276189999999999,0.7491349,0.6587301999999999,0.69131833,0.65449005,0.6193103,0.6189800999999999,0.5489655999999999,0.8557273000000001,0.5851851,0.5585103,0.6165276,0.6224064,0.6347161,0.7597981,0.52452123,0.87539274,0.5942466,3.0,0.0,0.65962344,0.5575044,0.6360556,cluster0_pred,3.0,3
0.6086956,0.15881710000000002,0.13166486,0.15925059,0.14479637,0.14479637,0.026103478,0.6115941,0.6460554000000001,0.5466666,0.5934255,0.60952383,0.60610926,0.65601206,0.62482756,0.631728,0.5986208000000001,0.23290107,0.13702333,0.24542706,0.15855007,0.74805135,0.24778765,0.28762009999999993,0.47193173,0.2007692,0.14093265,3.0,1.0,0.60524815,0.62360936,0.5773316,cluster1_pred,2.0,3
0.5826087,0.62431544,0.594124,0.64285713,0.6097285,0.6097285,0.009658106999999999,0.5942029000000001,0.6545842,0.56952375,0.6020760000000001,0.6174603,0.5916399,0.6407914000000001,0.6565517,0.6543909000000001,0.6482759,0.7456587,0.5295161999999999,0.47164646,0.44622207,0.7378038,0.5256307,0.47556522,0.52904046,0.87536126,0.36424893,3.0,0.0,0.6306855,0.5577577,0.64797443,cluster2_pred,,2
0.6028985,0.0449069,0.026115343,0.043325517,0.033936646,0.033936646,0.047074,0.6173913000000001,0.6609808,0.647619,0.6280276,0.5777778,0.5289389,0.56316584,0.537931,0.46883848,0.404138,0.18927739999999998,0.11601804,0.23188064,0.295151,0.46215909999999993,0.18555370000000002,0.60675305,0.39258063,0.108320236,0.13438194,3.0,1.0,0.6309707,0.6252999,0.52154523,cluster0_pred,3.0,2
0.5304346999999999,0.21358160000000004,0.18607181,0.21428572,0.19457012,0.19457012,0.016108848000000002,0.6057971,0.64605546,0.5638095000000001,0.60380614,0.5714286,0.5594855,0.59360725,0.57517236,0.6104815,0.6082759,0.21018505,0.17005685,0.5145058,0.5452511,0.65293026,0.49962460000000003,0.27348706,0.34008685,0.12836987,0.029768175,3.0,1.0,0.6098762,0.6129686,0.5873611,cluster1_pred,2.0,1
0.6231884,0.18510407,0.1577802,0.1615925,0.14932127,0.14932127,0.104046755,0.56811595,0.6332623000000001,0.61142856,0.64878887,0.6333333999999999,0.6028939,0.6423135,0.617931,0.6260623000000001,0.58344835,0.25915948,0.12914538,0.21641424,0.12804253,0.7374704000000001,0.2609219,0.6361861999999999,0.62761503,0.19226141,0.16417137,3.0,1.0,0.6114949,0.6222079,0.54919267,cluster1_pred,2.0,2
0.6318838999999999,0.5717415,0.57018495,0.6042155,0.60067874,0.60067874,0.014917576,0.68985504,0.6823028,0.6419047,0.71799296,0.66666675,0.6254019000000001,0.652968,0.6413793000000001,0.6628895,0.6979310999999999,0.7970794,0.49206350000000004,0.36543366,0.35465749999999996,0.6615938,0.50824517,0.82471585,0.7041347,0.87697023,0.4163773,3.0,0.0,0.65714484,0.56376964,0.606724,cluster0_pred,3.0,2
0.59710145,0.105147876,0.07616975,0.097189695,0.08257917,0.08257917,0.07910882,0.5884057,0.51172704,0.40190473,0.4359861,0.43492067,0.4019292,0.46575338,0.45379308,0.46317273,0.4317242,0.21168995,0.21943872,0.40680158,0.5070098,0.4739398,0.12870537,0.06097973,0.11350991,0.12886472,0.10167435,3.0,1.0,0.5968762,0.59003115,0.5652873,cluster0_pred,3.0,1
0.6666667,0.17853229999999998,0.1501632,0.16276346,0.14479637,0.14479637,0.050848708,0.54782605,0.6012793000000001,0.5447619,0.5640137,0.55079365,0.53215426,0.5646879,0.5517241,0.5453256999999999,0.54482764,0.22785375,0.21563227,0.4253179,0.46676046,0.59192157,0.25003114,0.08570379,0.083003215,0.06278937,0.04649065,3.0,1.0,0.6073866,0.618309,0.5760217,cluster1_pred,2.0,1
0.6695651999999999,0.19824754,0.17954296,0.21194380000000002,0.19004525,0.19004525,0.019985748,0.6376811,0.6929638000000001,0.6095238000000001,0.5916954000000001,0.5904762,0.5627009,0.60273963,0.6013793000000001,0.6133144,0.6068965999999999,0.26364323,0.21701357,0.44311908,0.49720848,0.57656676,0.43437317,0.34772729999999996,0.26737258,0.13240878,0.09331738,3.0,1.0,0.62362826,0.6200183,0.57628924,cluster0_pred,3.0,2
0.63478255,0.70536697,0.6735582,0.67564404,0.6459275999999999,0.6459275999999999,0.030452536000000002,0.42898557,0.50106615,0.49333337,0.6089965,0.59841275,0.59003216,0.57686454,0.6068965999999999,0.5467422,0.506207,0.86572284,0.5901299,0.54434794,0.61340594,0.59531903,0.47043926,0.60636854,0.774062,0.8635495999999999,0.61077946,3.0,0.0,0.58292055,0.5388112,0.62799317,cluster2_pred,,3
0.63478255,0.5399781,0.50924915,0.52927405,0.49660635,0.49660635,0.18864399,0.53043467,0.47974408,0.46095240000000004,0.46539783,0.38412702,0.36173627,0.27853873,0.0,0.04815866,0.0,0.99835265,0.8006762,0.23193356,0.54335386,0.0,0.23779976,0.04215091,0.04019177,0.67396355,0.76951176,3.0,2.0,0.6519539,0.50454205,0.6112949,cluster0_pred,3.0,3
0.63478255,0.3493976,0.32100108,0.3419204,0.33144796,0.33144796,0.043171845,0.573913,0.5671642,0.5028571,0.5449826,0.58571434,0.53376204,0.5753424,0.5696551,0.5410764,0.5131034999999999,0.4814395,0.40025416,0.3541121,0.34983432,0.6442751,0.28486493,0.3449859,0.5823138000000001,0.4355973,0.18108532,3.0,2.0,0.60678136,0.58112687,0.6068975,cluster2_pred,,3
0.5333333,0.637459,0.6202394,0.6569086999999999,0.6233032,0.6233032,0.009795615,0.5536230999999999,0.6119401999999999,0.42476192,0.45847744,0.4857143,0.54340833,0.5981734000000001,0.59172416,0.5481585999999999,0.5655173000000001,0.8719716000000001,0.7100529000000001,0.49678770000000005,0.5903403,0.5277885,0.43072593,0.09868254,0.3663526,0.8592525,0.5689382,3.0,0.0,0.59352404,0.53952855,0.6749808,cluster2_pred,,3
0.62608695,0.04271632,0.016322086,0.03864168,0.023755647,0.023755647,0.016686711,0.6086956,0.62046903,0.59238094,0.6297577,0.60952383,0.5803858000000001,0.62861484,0.60965514,0.6246458,0.58482766,0.04408814,0.008218779,0.3322279,0.28651467,0.7113683000000001,0.30970237,0.52747095,0.55273914,0.04683822,0.053734493,3.0,1.0,0.60399675,0.6393557,0.5426698,cluster1_pred,2.0,2
0.62898546,0.6801753,0.7007616999999999,0.7271663,0.74208146,0.74208146,0.03770471,0.7449275,0.8550107,0.82095236,0.83044976,0.80476195,0.7974276,0.8280059999999999,0.7751724,0.77620393,0.76137936,0.7419553000000001,0.5688465,0.592258,0.5392418000000001,0.8447541,0.8657902,0.9691646,0.8406038,0.9232483,0.33804736,3.0,0.0,0.665479,0.5766353,0.64036375,cluster0_pred,3.0,2
0.75652176,0.645126,0.62568,0.67096025,0.65158373,0.65158373,0.006979963299999999,0.63768107,0.673774,0.5352380999999999,0.6176470000000001,0.5190475999999999,0.48231506,0.52054787,0.4703448,0.5679886,0.56000006,0.84122944,0.7091135999999999,0.52606374,0.6261711,0.5290663000000001,0.4945016,0.2544614,0.2509215,0.85243833,0.5899072,1.0,0.0,0.6265493,0.53755516,0.65742165,cluster2_pred,,3
0.5536230999999999,0.58488506,0.58106637,0.56908673,0.550905,0.550905,0.025529355,0.5768116,0.59914714,0.59428567,0.51038057,0.46507937,0.4019292,0.4292237,0.39586204,0.3626062,0.37517244,0.8199192,0.63563806,0.17876925,0.14191347,0.6241797,0.44076124,0.15061101,0.12543189999999999,0.9121806,1.0,3.0,2.0,0.62036103,0.52902,0.69439864,cluster2_pred,,2
0.63188404,0.17743702,0.16866158,0.18852459,0.18438914,0.18438914,0.04240713,0.68115944,0.7292111,0.60761905,0.6349481,0.61587304,0.5900321,0.63622516,0.617931,0.61473083,0.5862069999999999,0.22071938,0.21025856,0.43388059999999995,0.4605491,0.6233829000000001,0.4997951,0.46801928,0.26148322,0.08928135,0.051560793,3.0,1.0,0.6304774,0.63118047,0.5703118,cluster1_pred,2.0,2
0.8637681,0.73713034,0.7366703,0.7681498999999999,0.7748869,0.7748869,0.050254705999999996,0.77681166,0.77185506,0.7638095,0.7491349,0.7079365,0.69292605,0.73972595,0.7117241,0.69546735,0.6179311,0.86236006,0.6296295999999999,0.639478,0.7100055999999999,0.6364041,0.76715255,0.82063305,0.6153241999999999,0.95300907,0.40088516,1.0,0.0,0.6822562,0.560887,0.6414099,cluster0_pred,3.0,3
0.7739129,0.71412927,0.7083786999999999,0.7517564999999999,0.74208146,0.74208146,0.009164666,0.6318841,0.6503198,0.59047616,0.6903114,0.7476191,0.778135,0.81582946,0.79310346,0.8130311,0.7806897,0.7587012,0.6165691,0.6888629,0.64033556,0.88089514,0.85150087,0.8474626000000001,0.9196508,0.92786455,0.32828927,1.0,0.0,0.6222265,0.5633468,0.6589836,cluster2_pred,,2
0.6434783000000001,0.16429354,0.13928182,0.16627634,0.14705881,0.14705881,0.07294105,0.62028974,0.6609808,0.6171428000000001,0.65743935,0.6539683000000001,0.6414791,0.68188727,0.66896546,0.6756373,0.6482759,0.09286439999999999,0.09397076,0.61089945,0.6556439000000001,0.6712608,0.8055916999999999,0.8654164000000001,0.8981450000000001,0.120189756,0.032218613,3.0,1.0,0.5954401,0.6173462,0.54669166,cluster1_pred,2.0,3
0.5188406,0.7404162,0.7769314,0.7775175999999999,0.8009049,0.8009049,0.066167116,0.7739129,0.77185494,0.6857141999999999,0.7076123000000001,0.74761903,0.81832784,0.8919328999999999,0.85517234,0.88243616,0.8551724,0.76597804,0.6304538000000001,0.7328129,0.67788386,0.9130640999999999,0.9460970999999999,0.8366978999999999,0.8826598,0.94437474,0.37100175,3.0,0.0,0.6301799,0.5687611,0.67000765,cluster2_pred,,2
0.62028974,0.15224534,0.13275298,0.15807962,0.14819005,0.14819005,0.06244035,0.6347826,0.6865671999999999,0.6361905,0.67993075,0.6571429,0.6414791,0.6910196999999999,0.6648276,0.67563736,0.62896556,0.0886903,0.08852354400000001,0.6059025,0.6505521,0.66913533,0.8153691999999999,0.8930938,0.8799780999999999,0.15009287,0.03779882,3.0,1.0,0.6020028,0.61781967,0.54732335,cluster1_pred,2.0,3
0.63478255,0.47754657,0.4494015,0.47306794,0.45135745,0.45135745,0.070646666,0.59999996,0.6759062,0.6304761999999999,0.66955006,0.6507937,0.63987136,0.6225265999999999,0.5710345,0.549575,0.5255173000000001,0.77686536,0.39409524,0.06521546,0.0,0.62469107,0.29257715,0.62200147,0.49590647,0.5231414000000001,0.44637567,3.0,2.0,0.65999305,0.5910787,0.5931221,cluster0_pred,3.0,1
0.63768107,0.63964957,0.61697495,0.6498829,0.6459275999999999,0.6459275999999999,0.01138889,0.63478273,0.5820896,0.5809524,0.52249134,0.49047625,0.46141478,0.46270928,0.55172414,0.57648724,0.5406896999999999,0.83278835,0.7170239,0.5417875,0.6401657,0.53953016,0.48290202,0.27879378,0.25878870000000004,0.8512950999999999,0.61979836,3.0,0.0,0.61675626,0.53780526,0.65823084,cluster2_pred,,3
0.63478255,0.70755756,0.70293796,0.6978923,0.7183258000000001,0.7183258000000001,0.0510096,0.573913,0.75692964,0.6533333,0.71626294,0.73968256,0.7475884,0.76560116,0.7489655,0.75637394,0.7751725,0.7621755,0.5951637,0.5616165,0.4550729,0.9303348,0.6722278,0.6613571999999999,0.71258324,0.88815635,0.7884642,3.0,0.0,0.5821329,0.5596912,0.6751598,cluster2_pred,,1
0.5971014,0.22234392,0.19804133,0.22950822,0.2138009,0.2138009,0.0076254117,0.62898546,0.64179105,0.5695238,0.6297577,0.63492066,0.6254019000000001,0.6986300999999999,0.69793105,0.6742209,0.6496552,0.21019743,0.15728644,0.5177915,0.5139345999999999,0.7188909000000001,0.61682355,0.77114564,0.8903173000000001,0.14001764,0.048293483,3.0,1.0,0.60090494,0.6183249,0.5630997,cluster1_pred,2.0,1
0.5681159,0.23986858,0.22633295,0.25409836,0.24321267,0.24321267,0.0346255,0.6492753000000001,0.6567164000000001,0.58285713,0.6124567,0.56666666,0.58520895,0.6423135,0.6275861999999999,0.63031155,0.60413796,0.25353622,0.28772554,0.5622995,0.6130566999999999,0.6376739,0.6013887,0.26754263,0.32441187,0.1678085,0.11181549,3.0,1.0,0.6081766,0.60378593,0.6070349,cluster0_pred,3.0,3
0.68985504,0.5892662,0.55821544,0.5831381999999999,0.57466066,0.57466066,0.010506778,0.5942029000000001,0.6631130000000001,0.6571428,0.6522491,0.6031747,0.5723473000000001,0.62404865,0.6193103,0.6926345,0.6455173000000001,0.8069076999999999,0.5855322,0.34414637,0.3508633,0.61920655,0.44283125,0.72734606,0.54653186,0.8696210999999999,0.42594936,3.0,0.0,0.65077597,0.56295663,0.6082688,cluster0_pred,3.0,3
0.62608695,0.18729465,0.15995647,0.19203746,0.17194569,0.17194569,0.012551165,0.6028985,0.641791,0.57523805,0.5865051,0.5650794,0.53215426,0.6042616999999999,0.59862065,0.6274787,0.59172416,0.23849337,0.21826199999999998,0.4417308,0.4782371,0.6086760999999999,0.36463709999999994,0.10666874,0.14047503,0.10072659,0.05628843,3.0,1.0,0.6140373,0.62086344,0.5886615,cluster1_pred,2.0,3
0.55072457,0.19824754,0.19042437,0.21194380000000002,0.20701358,0.20701358,0.03140925,0.65217394,0.6588486,0.58666664,0.6280276,0.60952383,0.6157556,0.61035,0.59586203,0.5793201,0.5682759000000001,0.27382457,0.23832424,0.47345877,0.5350166999999999,0.57663256,0.47125159999999994,0.57239866,0.58264613,0.17355818,0.09570815,3.0,1.0,0.6165988,0.61139655,0.56299615,cluster0_pred,3.0,2
0.63478255,0.54545456,0.5440696,0.5667448,0.5780543,0.5780543,0.0080000525,0.64347816,0.76332617,0.65904754,0.6020760000000001,0.53492063,0.48070730000000006,0.5372906,0.43862066,0.43767700000000004,0.44689658,0.86031634,0.65961623,0.33707234,0.44306523,0.43104476,0.4094824,0.32424086,0.16726477,0.8552236999999999,0.53888136,3.0,2.0,0.66164494,0.54812044,0.6399407,cluster0_pred,3.0,3
0.5275361999999999,0.7020811,0.72905326,0.7505854999999999,0.7692308000000001,0.7692308000000001,0.039722905,0.8086956,0.81449896,0.71619046,0.6885812,0.6698413000000001,0.6286173,0.77016735,0.7213792,0.76912177,0.7848276,0.7720100000000001,0.73845714,0.638324,0.6022736999999999,0.8343754999999999,0.7305741,0.5132791,0.38209940000000003,0.8930885000000001,0.6983971,3.0,0.0,0.6189781,0.56082654,0.69102824,cluster2_pred,,3
0.6318841,0.4184009,0.40696409999999994,0.44145203,0.41402715,0.41402715,0.08101407,0.62898546,0.57569295,0.46857142,0.46885803,0.4603175,0.42604497,0.5114155,0.5131034000000001,0.47592062,0.38620692,0.9119538,0.5064592000000001,0.009345506,0.09042613,0.3264754,0.17907906,0.05610322,0.17150913,0.5954518,0.5499056999999999,3.0,2.0,0.6300355,0.5572071,0.61808276,cluster0_pred,3.0,2
0.5623188,0.7458927,0.7127312,0.7131148,0.7183258000000001,0.7183258000000001,0.03881647,0.51594204,0.49893397,0.5504762,0.5865052,0.5619048000000001,0.5498392,0.6605783000000001,0.7144826999999999,0.7662889,0.7406897,0.78129333,0.7830688,0.7325385,0.73438287,0.80719644,0.65211904,0.52476996,0.70094407,0.9425423,0.43146419999999996,3.0,0.0,0.56997687,0.54227287,0.66062176,cluster2_pred,,3
0.6521739000000001,0.61445785,0.5930359000000001,0.64285713,0.6097285,0.6097285,0.0042800712,0.59130424,0.6353944,0.6133333000000001,0.62629753,0.6111111,0.6334405,0.6605783000000001,0.6620689000000001,0.71813023,0.6703449,0.7543413,0.5161885,0.45145407,0.41657346,0.7461145,0.5283719,0.5559968000000001,0.67592543,0.8770663000000001,0.3884019,3.0,0.0,0.6241256,0.558301,0.63800824,cluster2_pred,,2
0.573913,0.3713034,0.35364524,0.37822017,0.35067874,0.35067874,0.03429459,0.5536232,0.59275055,0.5428571,0.63321793,0.57619053,0.55466235,0.60578376,0.555862,0.5594899999999999,0.5172414000000001,0.48394149999999997,0.40321890000000005,0.36505324,0.34836474,0.6724304,0.334756,0.59705204,0.65653014,0.4364008,0.17604332,3.0,2.0,0.61943704,0.58457136,0.5876848,cluster0_pred,3.0,2
0.47826082,0.75684565,0.72687703,0.7388759,0.7081448,0.7081448,0.04049113,0.58550715,0.6098081,0.48761904,0.634948,0.63174605,0.6028938,0.6088279000000001,0.6013793000000001,0.5878186,0.65379316,0.7947446,0.7344126,0.642374,0.65978116,0.7366756999999999,0.5996903,0.5232104999999999,0.6501845,0.8568406999999999,0.6485139,2.0,0.0,0.5748042,0.54053795,0.6607251,cluster2_pred,,3
0.63478255,0.3592552,0.35038084,0.37704918,0.3789593,0.3789593,0.05335403,0.7217392,0.6780384,0.60380954,0.634948,0.5714286,0.5498392,0.5753424,0.6068965999999999,0.62322944,0.5751725000000001,0.4908715,0.4128751,0.34773737,0.32808894,0.6699666999999999,0.41601506,0.28699450000000004,0.14985946,0.45606175,0.18172455,3.0,2.0,0.64422023,0.59460396,0.6200947,cluster0_pred,3.0,2
0.6115941999999999,0.21248633,0.19695319,0.22482435,0.20927602,0.20927602,0.03715725,0.64637685,0.673774,0.63238096,0.60034597,0.5809524,0.53536975,0.5966514,0.57379305,0.5764872,0.5544828,0.27301329999999996,0.25613376,0.48598987,0.56144756,0.5565166,0.46781394,0.45204620000000006,0.32357135,0.16420636,0.11718933,3.0,1.0,0.62511957,0.6109896,0.57330275,cluster0_pred,3.0,1
0.6811593,0.3745893,0.35582152,0.38875884,0.36990952,0.36990952,0.05948275,0.6637682,0.6204691,0.51428574,0.5449826,0.5253968000000001,0.50482315,0.52054787,0.5075862,0.51699716,0.50068974,0.57349265,0.44785944,0.15548281,0.09381459,0.65966636,0.19506054,0.08782696,0.061161492000000005,0.41086359999999994,0.263359,3.0,2.0,0.6286121,0.58774877,0.6218284,cluster0_pred,3.0,2
0.6144927,0.1566265,0.12731227,0.15339579,0.13914026,0.13914026,0.058341987000000005,0.6057971,0.63752663,0.5504762,0.6003459,0.5539683000000001,0.5048231,0.56621,0.5448276,0.5269121,0.45379317,0.3630165,0.17865989,0.122442335,0.11475952,0.5438974,0.074367225,0.11742153,0.18549725,0.2682113,0.16883941,3.0,1.0,0.6262339,0.61092824,0.5677335,cluster0_pred,3.0,3
0.6637681,0.30558598,0.28291622,0.30679157,0.2873303,0.2873303,0.0487966,0.6028985,0.61407244,0.5085714,0.5501729000000001,0.5095238000000001,0.4549839,0.49923888,0.50206894,0.5580736,0.5034483000000001,0.46965417,0.37196097,0.3042018,0.3300187,0.5652319,0.19155732,0.062157884000000004,0.10862952,0.38335666,0.17090195,3.0,2.0,0.6215805,0.58263886,0.6041342,cluster0_pred,3.0,2
0.62898546,0.22453451,0.19804133,0.22365339,0.21153846,0.21153846,0.013673216,0.59999996,0.6268657,0.59999996,0.6539792,0.636508,0.6543408000000001,0.718417,0.65931034,0.6728045,0.6482759,0.21103969,0.15440442,0.5102041,0.5024496,0.722655,0.6062996999999999,0.8708332000000001,0.9683895,0.14001764,0.055110245999999995,3.0,1.0,0.5983895,0.617153,0.55179185,cluster1_pred,2.0,3
0.59999996,0.22891566,0.20457016,0.23067917,0.22058824,0.22058824,0.019898753999999998,0.6086956,0.6823026999999999,0.6457143,0.6730103000000001,0.6809524,0.69131833,0.6910196999999999,0.67172414,0.68555236,0.6496552,0.21225971,0.15140231,0.50179535,0.49045935,0.72545207,0.6580331,0.9770991,1.0,0.13938046,0.05664253,3.0,1.0,0.60598415,0.6192608,0.54446954,cluster1_pred,2.0,2
0.6173913000000001,0.59583795,0.56800866,0.62295085,0.59389144,0.59389144,0.0029667240000000004,0.5826087,0.60341156,0.5638095000000001,0.5743944000000001,0.5619048000000001,0.5803858000000001,0.61491627,0.6055172,0.64872515,0.60965526,0.7422463,0.53558654,0.46928933,0.45685297,0.7125276,0.47789129999999996,0.36077726,0.46244258,0.8737847,0.3439811,3.0,0.0,0.6268789,0.55413914,0.6515798,cluster2_pred,,3
0.773913,0.60131437,0.6006528,0.63817334,0.6357465999999999,0.6357465999999999,0.021255597,0.7014493,0.7164179,0.6590476,0.685121,0.6571429,0.62057877,0.6484018,0.64551723,0.6416430000000001,0.6193104,0.7363258,0.55978835,0.49429908,0.49268025,0.7039006,0.62913454,0.6634813,0.45869709999999997,0.8827982,0.29295546,1.0,0.0,0.67185557,0.567391,0.6367915,cluster0_pred,3.0,3
0.6376811,0.15881710000000002,0.13928182,0.15807962,0.13914026,0.13914026,0.036407735,0.6086956,0.6353944,0.57333326,0.5692041,0.568254,0.58681667,0.6423135,0.6317241,0.6288951,0.6,0.22075655,0.13968253,0.2560926,0.17353006,0.7449288000000001,0.23110339,0.16883177,0.31249679999999996,0.18247950000000002,0.13553719,3.0,1.0,0.60498565,0.6257333,0.5840765,cluster1_pred,2.0,3
0.5681159,0.08214677,0.059847653,0.06088993,0.048642527000000005,0.048642527000000005,0.12795219,0.5623188,0.5906183,0.5104761999999999,0.44982693,0.39365079999999997,0.36655945,0.42617956,0.41655168,0.43059486,0.39862072,0.21089724,0.20563293,0.3324327,0.4504184,0.40657058,0.06775611,0.025304253999999998,0.05036373,0.073446445,0.10445949,3.0,1.0,0.5998919,0.58835757,0.5432268,cluster0_pred,3.0,1
0.73333335,1.0,0.9706201999999999,0.9320843000000001,0.95701355,0.95701355,0.09036816,0.5420286999999999,0.6993604,0.5771427,0.61591685,0.7222221999999999,0.84244365,0.9543378,0.9117241,0.9815863000000001,0.9268966000000001,0.9210265,0.71899116,0.9699174999999999,0.9472056999999999,0.9622823,0.86285615,0.6281545999999999,0.6975593000000001,1.0,0.7098479999999999,3.0,0.0,0.5493805,0.55451965,0.7077934,cluster2_pred,,2
0.6608695,0.19058052,0.20021760000000002,0.2002342,0.20475115,0.20475115,0.16424184,0.7130435,0.76759064,0.7009524,0.70934254,0.69047624,0.6688103,0.7031963000000001,0.68137926,0.66713876,0.65379316,0.17748588,0.13227513,0.35770336,0.26251262,0.8152564,0.5985535,0.7738944000000001,0.6168733000000001,0.22716004,0.14061108,3.0,1.0,0.6199008,0.628029,0.5656164,cluster1_pred,2.0,3
0.53623176,0.41621030000000003,0.38628942,0.41334894,0.38800904,0.38800904,0.052333005,0.5536232,0.5991470999999999,0.5333333,0.56055355,0.5111111,0.48553050000000003,0.53729063,0.5365517,0.5339943,0.5365518,0.5972675999999999,0.46231636,0.16778897,0.086182855,0.7024699000000001,0.1812703,0.06506996,0.08387376,0.45905086,0.26290363,3.0,2.0,0.61954385,0.58275354,0.62176764,cluster2_pred,,2
0.63188404,0.075575024,0.04896626,0.06323185,0.05429863,0.05429863,0.048841268,0.6231884,0.6652452,0.57142854,0.5934255,0.5888889,0.55466235,0.58751893,0.5820689,0.5481585999999999,0.6124138000000001,0.011995887,0.13103914,0.5075362,0.5261475999999999,0.6723191,0.51264274,0.29174674,0.26323384,0.017014872,0.09032532,3.0,1.0,0.59610236,0.6260691,0.5719399,cluster1_pred,2.0,3
0.63188404,0.049288057,0.020674638000000002,0.03629976,0.023755647,0.023755647,0.06744421,0.5913043,0.61833686,0.58666664,0.60207605,0.5809524,0.57395494,0.6605783000000001,0.60965514,0.59348434,0.5406896999999999,0.15232982,0.06455025,0.24825884,0.24850309,0.587091,0.21088573,0.5441078,0.69464546,0.06877704,0.11414272,3.0,1.0,0.59756464,0.62672675,0.52756023,cluster1_pred,2.0,2
0.63768107,0.388828,0.36561477,0.40163934,0.39140275,0.39140275,0.018301034,0.6202899000000001,0.69509596,0.65333337,0.6228373,0.56507945,0.54662377,0.58751893,0.5724138000000001,0.5509915,0.52000004,0.5572669,0.43173108,0.18639588,0.10971227,0.701873,0.28340212,0.47276890000000005,0.2797249,0.43375169999999996,0.2651387,3.0,2.0,0.6496025,0.6019628,0.6033929,cluster0_pred,3.0,1
0.64637685,0.20262869,0.17845482,0.20374708,0.20022623,0.20022623,0.03035338,0.62608695,0.68443495,0.55619043,0.58477503,0.53809524,0.5369774,0.5722982,0.555862,0.5665722,0.52000004,0.27135974,0.26313135,0.48938808,0.57175756,0.54520863,0.41971835,0.27061999999999997,0.2319612,0.16835797,0.12349693,3.0,1.0,0.6176982,0.60321283,0.5848979,cluster0_pred,3.0,2
0.5681159,0.2584885,0.22850923,0.22482435,0.21719457,0.21719457,0.11887289,0.51594204,0.49253729999999996,0.47238097,0.49826983,0.46984127,0.41479096,0.4748858,0.45103446,0.42351273,0.3972414,0.45529255,0.33721444,0.25031149999999996,0.29429725,0.5065672999999999,0.10832076,0.12692115,0.1272644,0.31356663,0.21272004,3.0,2.0,0.6052801,0.5762779,0.5781058,cluster0_pred,3.0,3
0.6173913000000001,0.15991239,0.13819368,0.16861828,0.15497738,0.15497738,0.1072485,0.6434783000000001,0.66737735,0.60952383,0.6539792,0.64603174,0.6511254,0.69406384,0.67172414,0.6912181,0.6593104000000001,0.09703231,0.10086998,0.617348,0.661326,0.67565876,0.838142,0.85925496,0.88986945,0.13698481,0.024879435,3.0,1.0,0.5945782,0.61498547,0.54813063,cluster1_pred,2.0,3
0.6144927,0.03833515,0.011969521,0.03629976,0.021493206,0.021493206,0.03585957,0.6144927,0.6503198,0.57714283,0.5865051,0.5968254,0.5916398,0.63622516,0.60827583,0.6218130000000001,0.5931035,0.02815968,0.012386278,0.34906337,0.307656,0.7111039000000001,0.30321088,0.21468936,0.37269798,0.018136773000000002,0.029296107999999998,3.0,1.0,0.60047793,0.64061755,0.561694,cluster1_pred,2.0,2
0.5942029000000001,0.6035049,0.5908595999999999,0.6252928000000001,0.6210406999999999,0.6210406999999999,0.007946265,0.6521739000000001,0.652452,0.5923809,0.6557092,0.62222224,0.6125401,0.6910196999999999,0.6565517,0.6883852,0.7048276,0.7495354999999999,0.5230585,0.46553883,0.43219844,0.749734,0.56081367,0.52849877,0.59389305,0.8821129000000001,0.38259056,3.0,0.0,0.63141936,0.55931234,0.64610505,cluster2_pred,,2
0.61159414,0.0777656,0.06528834,0.07494146,0.07013575,0.07013575,0.05310216,0.6463768,0.64605546,0.5657143,0.60207605,0.5349206999999999,0.62057877,0.6925418000000001,0.68137926,0.6968838,0.67586213,0.0044775563,0.047738142000000004,0.5147979,0.4904763,0.7556278000000001,0.58185166,0.25614944,0.4002643,0.02105814,0.10272967,3.0,1.0,0.5853505,0.62937564,0.5858165,cluster1_pred,2.0,3
0.68115944,0.22124864,0.22306854,0.2271663,0.24547511,0.24547511,0.08258232,0.68985504,0.73134327,0.71809524,0.77162623,0.7476191,0.7266881,0.7716894,0.7365517,0.74504244,0.7172414,0.16993038,0.13781163,0.44012725,0.32594509999999993,0.88859713,0.7370583,0.9185544,0.88012785,0.2705646,0.15167134,3.0,1.0,0.6118202,0.62559164,0.574955,cluster1_pred,2.0,1
0.59999996,0.2584885,0.23177364,0.24941452,0.24208145,0.24208145,0.048595015,0.6086956,0.64605546,0.5504762,0.6176470000000001,0.6111111,0.59807074,0.63318104,0.6165517,0.6473087,0.6096552,0.24154653,0.29033917,0.5722618,0.61110234,0.6644581999999999,0.6015696999999999,0.39737013,0.5593688,0.16667295,0.13102792,3.0,1.0,0.5926234,0.59997797,0.5950922,cluster1_pred,2.0,1
0.62608695,0.27272728,0.24700761,0.27049179999999995,0.24660634,0.24660634,0.050051015,0.573913,0.6631130000000001,0.6133333000000001,0.6401383,0.60952383,0.59324753,0.65905625,0.6289655,0.631728,0.6110345,0.22647889,0.29306057,0.57602525,0.6005722,0.69281375,0.6284513,0.6822262,0.6623609,0.1775599,0.14088789999999998,3.0,1.0,0.5967057,0.6053213,0.57486075,cluster1_pred,2.0,1
0.5449275,0.5049288,0.48095754,0.5163935000000001,0.48642534,0.48642534,0.046410315,0.55942017,0.6055437,0.5257142,0.5951556,0.5841270000000001,0.5176848,0.49010643,0.5075862,0.48725203,0.40137935,0.97280645,0.58508337,0.090498425,0.22159761,0.27069846,0.24921344,0.40243846,0.38787767,0.6921661,0.60938275,3.0,2.0,0.64105105,0.55661035,0.5889803,cluster0_pred,3.0,2
0.6695651999999999,0.19715224,0.16866158,0.1967213,0.18778281,0.18778281,0.021978687,0.63188404,0.7036247,0.6628571999999999,0.63840824,0.61904764,0.6061093000000001,0.63926935,0.62482756,0.63314444,0.59448284,0.21783963,0.20773181,0.44434670000000004,0.46209222,0.6448233,0.517612,0.7839258000000001,0.49967712,0.09921071,0.046076372000000004,3.0,1.0,0.6281177,0.63249344,0.550331,cluster1_pred,2.0,1
0.6318838999999999,0.39430448,0.36561477,0.3946136,0.36764708,0.36764708,0.035887632999999995,0.5449275,0.58848614,0.50476193,0.5916955,0.58095247,0.5385852,0.56621,0.56551725,0.5779036,0.5406896999999999,0.5006193,0.35552394,0.34967800000000004,0.30481744,0.7178187,0.31211966,0.3555795,0.5304144000000001,0.45001462,0.19567151,3.0,2.0,0.6084422,0.58069843,0.6087419,cluster2_pred,,3
0.55942017,0.49945238,0.48966265,0.5327869000000001,0.51131225,0.51131225,0.03802042,0.6202899000000001,0.62899786,0.60761905,0.6401383,0.568254,0.47266877,0.544901,0.5103448,0.45184135,0.42758626,0.9848952,0.6147939,0.10955495,0.27027209999999996,0.22431293,0.27688379999999996,0.43242890000000006,0.31612352,0.7131808000000001,0.64193374,3.0,2.0,0.652159,0.55796033,0.5924896,cluster0_pred,3.0,2
0.6376811,0.11171961,0.08705114,0.107728325,0.101809956,0.101809956,0.061813146,0.6115941999999999,0.6439232,0.5523809000000001,0.5865051,0.56349206,0.57556266,0.5920852,0.6055172,0.64872515,0.63862073,0.060914587,0.067062125,0.5920463,0.6417421,0.65335387,0.60740775,0.17537521,0.32744646,0.10149910000000001,0.08016886599999999,3.0,1.0,0.5906324,0.60990405,0.5895461,cluster1_pred,2.0,2
0.7652175999999999,0.94852144,0.9227421,0.96838415,0.9332579,0.9332579,0.050033945999999996,0.5420286999999999,0.60767585,0.69904757,0.85986143,0.9047619,0.89710605,0.9802129,0.9117241,0.92067975,0.8868966,0.90029234,0.6819728,0.9006247,0.85383356,0.9752105,0.8975681999999999,0.7186764,0.8325663000000001,0.9856309000000001,0.6328236,1.0,0.0,0.5704351,0.5632599,0.69695646,cluster2_pred,,2
0.657971,0.12157721,0.09575624,0.12529273,0.10746606,0.10746606,0.040567134,0.62608695,0.6545842,0.59999996,0.6193771,0.59841275,0.5594855,0.6088279000000001,0.5903448,0.6246458,0.5737932,0.072712295,0.07628645,0.57950395,0.64151853,0.6246323,0.632741,0.44982089999999997,0.3271943,0.10030795,0.04961052,3.0,1.0,0.6111555,0.62004715,0.57385856,cluster1_pred,2.0,2
0.7014493,0.5881708999999999,0.5690968000000001,0.619438,0.6052036,0.6052036,0.0,0.62898546,0.673774,0.6133333000000001,0.634948,0.59206355,0.5610932,0.6225265999999999,0.5931034000000001,0.6062321999999999,0.6110345,0.7357313,0.5564376,0.47577885,0.48320735,0.67851835,0.5215188000000001,0.42256096,0.28775355,0.8713136,0.29419532,3.0,0.0,0.6601284,0.56209356,0.6492279,cluster0_pred,3.0,2
0.68405795,0.49288064,0.48966265,0.4976581,0.50113124,0.50113124,0.16696323,0.63478255,0.59488267,0.44190470000000004,0.50692034,0.46507937,0.3729903,0.42465743,0.30206892,0.0,0.04413802,1.0,0.7490971,0.17676197,0.46158284,0.02412689,0.24615133,0.064319685,0.04855085,0.6902751,0.75373876,3.0,2.0,0.65799433,0.5198565,0.64509326,cluster0_pred,3.0,3
0.5884057,0.33515882,0.3101197,0.3290398,0.30882356,0.30882356,0.07095326,0.5536232,0.6119403,0.52,0.5121107,0.49365082,0.4839228,0.5859969,0.54344827,0.5467422,0.5282759,0.47610113,0.38963157,0.33457953,0.34613556,0.6057866999999999,0.23877929999999997,0.14573434,0.23293989999999998,0.39833558,0.17801689,3.0,2.0,0.6117242,0.5817794,0.60761267,cluster0_pred,3.0,3
0.68115944,0.16538884,0.1414581,0.16978924,0.16176471,0.16176471,0.023542262999999997,0.6666667,0.6311300999999999,0.5714286,0.60207605,0.57301587,0.5594855,0.60273963,0.5765517,0.5821529000000001,0.5434483,0.22417510000000002,0.21289058,0.42359236,0.46188379999999996,0.5969956,0.36898497,0.22204243,0.12996799,0.07779268,0.043525938,3.0,1.0,0.6254908,0.62731653,0.5798447,cluster1_pred,2.0,2
0.5623188,0.19824754,0.18063110000000002,0.20843092,0.19457012,0.19457012,0.060365796,0.6463768,0.652452,0.5523809000000001,0.5190311,0.44603175,0.45176846,0.49315059999999994,0.47448272,0.44759202,0.4331035,0.43272520000000003,0.267529,0.17632343,0.22531020000000004,0.46316987,0.109875776,0.13468945,0.08612199,0.3197888,0.19671008,3.0,2.0,0.6345785,0.5945901,0.57431006,cluster0_pred,3.0,3
0.6173911999999999,0.17086528,0.14907506,0.16393442,0.14819005,0.14819005,0.072210945,0.5855073000000001,0.6503198,0.552381,0.54671276,0.5460318000000001,0.51607716,0.53576857,0.4786207,0.43059486,0.43034490000000003,0.38962793,0.19879892,0.12548314,0.14154738,0.5010689,0.088335514,0.2270649,0.20290732,0.27316353,0.20225608,3.0,1.0,0.6288402,0.6041347,0.5619189,cluster0_pred,3.0,2
0.6376811,0.07338444,0.04787812,0.05503512,0.048642527000000005,0.048642527000000005,0.09721997,0.5797101,0.6140725,0.5695238,0.5778545999999999,0.5476191,0.5385852,0.53881276,0.6193103,0.65722376,0.64137936,0.007778438,0.13439153,0.51145196,0.5138241,0.7043688,0.48676538,0.22298314,0.22756246,0.0039743035999999995,0.09797209,3.0,1.0,0.580714,0.6224805,0.5683106,cluster1_pred,2.0,2
0.6231884,0.029572835,0.0076169674,0.024590155,0.015837103,0.015837103,0.08319736,0.59710145,0.63965887,0.5714286,0.6055363,0.5698413,0.54501605,0.6149161999999999,0.5917241,0.5991501,0.58206904,0.10141077,0.0009523807699999999,0.27467075,0.24764928,0.6500406,0.20527038,0.16355957,0.18386172,0.049311414000000005,0.06764895,3.0,1.0,0.6055145,0.6376597,0.5507076,cluster1_pred,2.0,1
0.5420286999999999,0.98138005,0.9575625,0.95316166,0.9649322,0.9649322,0.112540245,0.6405798,0.8358209999999999,0.9104761999999998,1.0,0.9523811,1.0,1.0,0.9406896999999999,0.9589235,0.9324139000000001,0.8904392,0.6616732,0.86441225,0.8079435,0.9765537000000001,0.99351114,0.83123505,0.89508134,0.9995677,0.6439424,3.0,0.0,0.5985578,0.57097995,0.6838614,cluster2_pred,,2
0.573913,0.41511503,0.39499453,0.42271668,0.39932126,0.39932126,0.021803996000000003,0.58550715,0.6396588000000001,0.58095235,0.5916954000000001,0.6015873,0.5948551999999999,0.6377472,0.6496550999999999,0.6813031,0.61379313,0.52403516,0.34733772,0.30132973,0.21370918,0.775188,0.34884536,0.4669682,0.61565596,0.4434018,0.21447328,3.0,2.0,0.6159278,0.5945085,0.60743964,cluster0_pred,3.0,2
0.5942028,0.21029572,0.1882481,0.21194380000000002,0.21040724,0.21040724,0.018228773,0.64057976,0.64818764,0.5885714,0.60207605,0.57619053,0.5900321,0.65905625,0.64551723,0.68555236,0.68000007,0.20947285,0.16270925,0.52254736,0.53185064,0.6965706,0.5923725999999999,0.47621640000000004,0.60271406,0.14665869,0.042558648,3.0,1.0,0.6039279,0.6162845,0.58128905,cluster1_pred,2.0,1
0.62898546,0.22124864,0.19151251,0.21545668,0.19909501,0.19909501,0.017324677,0.5942028,0.64605546,0.56571424,0.5986158,0.568254,0.54501605,0.6194824000000001,0.6275861999999999,0.64305943,0.6455173000000001,0.20944189,0.16525910000000002,0.51994574,0.53799284,0.6790866999999999,0.5268899,0.33525917,0.45401418,0.1411586,0.043111134,3.0,1.0,0.60249966,0.612524,0.5867463,cluster1_pred,2.0,3
0.57971007,0.65279305,0.6572361,0.69320846,0.6809955,0.6809955,0.02991747,0.6927536999999999,0.7739872,0.72190475,0.71626294,0.7015873,0.6800643,0.7716894,0.7048276,0.7450425,0.6993104,0.7732053000000001,0.5434624,0.4482715,0.3437025,0.87444425,0.64099795,0.72538173,0.6261791,0.88140905,0.7529937,3.0,0.0,0.62805325,0.56742674,0.6682918,cluster2_pred,,1
0.6202899000000001,0.5290252,0.49836779999999997,0.52927405,0.5124434,0.5124434,0.07937776,0.59130424,0.6759062,0.6171428000000001,0.58650506,0.49047616,0.49678454,0.5159815999999999,0.44689652,0.4490084,0.30206898,0.9935096999999999,0.65102625,0.12455225,0.3251728,0.15690078,0.27811694,0.31140047,0.19054547,0.7141866,0.68395925,3.0,2.0,0.6475675,0.54844165,0.6066092,cluster0_pred,3.0,1
0.5623188,0.094194956,0.066376485,0.08313817,0.07239819,0.07239819,0.10723985,0.59710145,0.6098081,0.44571427,0.43079579999999995,0.41746035,0.40353695,0.4429223,0.45379309999999995,0.44759202,0.43034488,0.21168995,0.21396275,0.37056658,0.4808552,0.43847309999999995,0.10921392,0.07062322,0.07721484,0.116269395,0.09584671,3.0,1.0,0.6036111,0.5907603,0.5534112,cluster0_pred,3.0,3
0.66376805,0.54764515,0.53862894,0.5784544,0.5701358,0.5701358,0.010043271,0.71304345,0.6886994000000001,0.5885714,0.5986159000000001,0.5873017,0.58360124,0.6955859000000001,0.6537930999999999,0.60198295,0.5351725,0.82522666,0.6024944000000001,0.31903124,0.35796672,0.54762954,0.42782152,0.36273187,0.47276208,0.8650358,0.44557175,3.0,0.0,0.64859736,0.56444174,0.6496421,cluster2_pred,,2
0.59130424,0.20481928,0.19151251,0.21194380000000002,0.2081448,0.2081448,0.027109067999999997,0.6695651999999999,0.6993604,0.6552380999999999,0.66262966,0.6,0.6012861999999999,0.63318104,0.61241376,0.6345609,0.6110346,0.2601256,0.16719575,0.45289403,0.49355200000000005,0.60608584,0.52620596,0.61660993,0.38699535,0.14105739999999997,0.09348059,3.0,1.0,0.63111913,0.62571335,0.56150115,cluster0_pred,3.0,3
0.65507245,0.42387733,0.40043524,0.44964877,0.4276018,0.4276018,0.04322844,0.64927524,0.68017054,0.6171428000000001,0.5743944000000001,0.5158729999999999,0.46463016,0.5144595999999999,0.49517238,0.5325778,0.5158621,0.8593874,0.46546718,0.0032459285999999997,0.027729059,0.4290794,0.21591146,0.13228975,0.08121364,0.59507513,0.48061925,3.0,2.0,0.6488709,0.5714378,0.610251,cluster0_pred,3.0,2
0.49275362,0.61664844,0.59521216,0.6018736,0.5882353,0.5882353,0.016297573,0.5333333,0.5373134,0.49333328,0.41349477,0.40317459999999994,0.4196141,0.54337895,0.5434482,0.55807364,0.48275870000000004,0.8731359000000001,0.70772487,0.45811130000000005,0.5693590000000001,0.47701463,0.372483,0.10201697,0.19429632,0.8550023000000001,0.5761222,2.0,2.0,0.60495156,0.5358308,0.6665283,cluster2_pred,,3
0.5797101,0.0777656,0.058759514000000006,0.077283375,0.065610856,0.065610856,0.046440482000000005,0.61159414,0.6631130000000001,0.57523805,0.5882352,0.5777778,0.5128617,0.6575342,0.6662069,0.6883852,0.66482764,0.006044391,0.052937347,0.51752037,0.5042883,0.7362274000000001,0.5611209,0.19720039,0.28207272,0.014006075,0.094669096,3.0,1.0,0.58792365,0.6287998,0.58368987,cluster1_pred,2.0,1
0.8086956,0.6692224,0.68008703,0.70726,0.6968326,0.6968326,0.009293288,0.65507245,0.6588486,0.5466666,0.58477503,0.54126984,0.63022506,0.6499238,0.6662069,0.72379595,0.7144828000000001,0.76727855,0.7406349,0.6013884,0.5752876,0.79882985,0.62052435,0.27681255,0.3715004,0.8736286,0.69132483,1.0,0.0,0.5766932,0.54755145,0.69461983,cluster2_pred,,3
0.59710145,0.10076669,0.08161044,0.10070257,0.08484162,0.08484162,0.08021521,0.63478255,0.5970149,0.6590476,0.7128026999999999,0.6968254,0.6864951,0.73211557,0.69517237,0.70396596,0.6731035,0.00051402097,0.030063267999999997,0.4939769,0.43321165,0.81391335,0.6519229,0.7204156,0.77749974,0.046759974,0.106731534,3.0,1.0,0.5885521,0.6366763,0.5591084,cluster1_pred,2.0,1
0.6376811,0.18619935,0.16974972,0.19555034,0.18438914,0.18438914,0.025194002000000004,0.6608696,0.6652452,0.5523809000000001,0.60034597,0.56984127,0.5482315,0.6073059000000001,0.59586203,0.6246458,0.5558621,0.26704320000000004,0.22254887,0.44247764,0.5048272,0.56088656,0.40359184,0.17934422,0.26894096,0.14590879,0.10011224,3.0,1.0,0.61570424,0.61206686,0.58785367,cluster0_pred,3.0,2
0.72753614,0.6801753,0.65070724,0.7049181,0.67194575,0.67194575,0.011374157,0.57971025,0.60767597,0.54666674,0.5865052,0.5666667,0.5176849,0.5098934,0.4565518,0.53682715,0.5186208,0.8341941999999999,0.75529015,0.6132206,0.7271814999999999,0.543413,0.5095238000000001,0.32501683,0.32698166,0.92037296,0.38092735,3.0,0.0,0.64157134,0.5369408,0.6501943,cluster2_pred,,1
0.6028985,0.18948522,0.16866158,0.19203746,0.17986426,0.17986426,0.03573586,0.62608695,0.652452,0.5695238,0.5934255999999999,0.5587302,0.5691318000000001,0.6225265999999999,0.6262069,0.6260623000000001,0.5668966,0.242011,0.2191746,0.44623092,0.48154587,0.61296797,0.40185514,0.12080476,0.21787743,0.10878239999999999,0.067205444,3.0,1.0,0.6105011,0.6181002,0.59186,cluster1_pred,2.0,3
0.6753623000000001,0.10186197599999999,0.091403686,0.10889928,0.10859728,0.10859728,0.11695642,0.68985504,0.72707886,0.647619,0.69377154,0.6698413000000001,0.66077167,0.7016741999999999,0.6868965,0.6784701999999999,0.6468965999999999,0.032655817000000004,0.12175771,0.54802096,0.55925,0.7047185,0.7541095,0.8251168,0.8022964,0.08672062,0.07332373,3.0,1.0,0.5983617,0.62631,0.546524,cluster1_pred,2.0,2
0.5710145000000001,0.20591456,0.17845482,0.18384075,0.17081447,0.17081447,0.07733244,0.5623188,0.6268656,0.5485714,0.5467126999999999,0.4746032,0.39549834,0.47184163,0.46206892,0.45184126,0.39862072,0.42357188,0.24682745,0.15813507,0.20250112,0.4633975,0.07546748,0.15817094,0.12692024,0.29805973,0.20243345,3.0,2.0,0.62543106,0.5910177,0.56201833,cluster0_pred,3.0,3
0.63478255,0.13910186,0.10990206,0.09016394,0.08031674,0.08031674,0.25449073,0.5333333,0.7228145,0.68761903,0.71799296,0.69365084,0.6864951,0.7123286999999999,0.6855171999999999,0.6940509,0.6689656,0.0,0.023404017000000003,0.47299737,0.40897205,0.810321,0.6369539000000001,0.737947,0.7540463000000001,0.07532952,0.11223468,3.0,1.0,0.57695746,0.6253734,0.5391261,cluster1_pred,2.0,1
0.83188397,0.53559697,0.52230686,0.5515223000000001,0.51809955,0.51809955,0.023625282999999997,0.6086957,0.59275055,0.50476193,0.52249134,0.5555555999999999,0.437299,0.45662093,0.41793100000000005,0.39801696,0.34206903,0.8163768,0.6032603,0.15250748,0.13052133,0.58438724,0.40730494,0.20963746,0.17954096,0.89929944,0.9295848,1.0,2.0,0.6276496,0.5357159,0.6914034,cluster2_pred,,2
0.5999999,0.20700985,0.17736669,0.19789229999999997,0.17873304,0.17873304,0.05400930000000001,0.55072457,0.6226013000000001,0.5466666,0.5709342,0.568254,0.55466235,0.6210045,0.5627585999999999,0.57082146,0.52137935,0.27238777,0.23331122,0.46017468,0.52561486,0.56328243,0.35221916,0.35232472,0.5075693,0.15125301,0.10217326,3.0,1.0,0.59942317,0.60456574,0.57179,cluster1_pred,2.0,1
0.6173913000000001,0.1577218,0.12840044,0.14754099,0.13687782,0.13687782,0.06295179599999999,0.58260864,0.62046903,0.5733333,0.6003459,0.58888894,0.5916398,0.6499238,0.64965516,0.6628895,0.6358621,0.1052009,0.114166275,0.6133039,0.66903526,0.6519050000000001,0.67955786,0.60069233,0.75840586,0.11549388,0.025683373,3.0,1.0,0.5884255,0.6114649,0.5624908,cluster1_pred,2.0,3
0.721739,0.66046,0.63873774,0.6100703000000001,0.57466066,0.57466066,0.10463934400000001,0.542029,0.6353945,0.54857147,0.70415217,0.66984135,0.61736333,0.6362251999999999,0.6068965999999999,0.65722376,0.5434483,0.80800384,0.48116708,0.25473490000000004,0.17186576,0.74487436,0.48441967,0.6495103,0.7063084,0.87144476,0.90963477,3.0,0.0,0.6118619,0.55088484,0.646512,cluster2_pred,,3
0.6115941999999999,0.38663745,0.37323177,0.40983608,0.40271494,0.40271494,0.025802502,0.5826087,0.6886994000000001,0.62857145,0.6228373,0.58253974,0.5771704000000001,0.6255706999999999,0.59724134,0.631728,0.61379313,0.50663894,0.35290468,0.34549904,0.27763699999999997,0.7587343000000001,0.4145603,0.56831133,0.37222004,0.46861845,0.20870982,3.0,2.0,0.640351,0.5973632,0.60389805,cluster0_pred,3.0,2
0.5884058000000001,0.10295729,0.073993474,0.08782202,0.07466063,0.07466063,0.077712454,0.59710145,0.6439232,0.52190477,0.6643598000000001,0.6714286,0.66881025,0.71232873,0.69517237,0.69546735,0.66482764,0.0016225723000000002,0.036322962,0.5056986,0.45552748,0.79958135,0.6053104,0.5436574000000001,0.67981195,0.024817528,0.103779025,3.0,1.0,0.578904,0.63043135,0.567333,cluster1_pred,2.0,3
0.77681166,0.7130340000000001,0.68335146,0.73067915,0.71493214,0.71493214,0.006896709599999999,0.62898546,0.7356076,0.6342857,0.64532864,0.62222224,0.61575556,0.65601206,0.60965514,0.5679886,0.4951725,0.8533430000000001,0.74543834,0.6125866999999999,0.7095925000000001,0.5747002,0.6323895,0.5542260999999999,0.44624794,0.9323091999999998,0.38138315,1.0,0.0,0.6698215,0.55285066,0.65402216,cluster0_pred,3.0,3
0.5536232,0.4205915,0.39281824,0.44028103,0.41515836,0.41515836,0.024438875,0.6173911,0.6417909,0.57333326,0.5640137,0.5396825,0.5257234000000001,0.57990855,0.55862063,0.59348434,0.5848276,0.6130722,0.46500105,0.16916946,0.07690198,0.7229628,0.23234229999999997,0.10455825,0.099252254,0.48040095,0.2676406,3.0,2.0,0.6308531,0.5904632,0.6283174,cluster0_pred,3.0,1
0.6318841,0.7415115,0.7105549,0.7669789,0.73868775,0.73868775,0.008124933,0.60869557,0.6481876,0.66476184,0.7750864000000001,0.78571427,0.7765273,0.8219177,0.7931034,0.8059489000000001,0.7572414000000001,0.7522295,0.600791,0.66567063,0.6071052,0.88890755,0.8450514000000001,0.9124709000000001,0.96116865,0.923019,0.3299236,3.0,0.0,0.62718695,0.56512517,0.6511999,cluster2_pred,,3
0.573913,0.24753560000000002,0.25027204,0.26346606,0.26583709999999994,0.26583709999999994,0.07888923,0.68405795,0.7164179,0.64761907,0.6591695,0.63492066,0.6430868000000001,0.6712328000000001,0.6441379,0.6600566,0.5986208000000001,0.21850228,0.29446307,0.5758449999999999,0.5925875,0.70726687,0.73581475,0.6995667,0.5860908,0.20376821,0.14320965,3.0,1.0,0.61238515,0.6079249,0.58309865,cluster0_pred,3.0,3
0.5855073000000001,0.15881710000000002,0.14798693,0.15925059,0.16289592,0.16289592,0.06147405,0.6550724,0.63965887,0.5371429,0.5830449000000001,0.552381,0.5064308,0.4992389,0.44275859999999995,0.46883848,0.43862075,0.4019149,0.21278438,0.13259403,0.15929995,0.4845242,0.110356316,0.21072979999999997,0.1794046,0.29636464,0.2081367,3.0,1.0,0.6321093,0.6015233,0.5612517,cluster0_pred,3.0,3
0.56811595,0.18400875,0.17410228,0.18852459,0.17081447,0.17081447,0.11829994,0.6492753000000001,0.7185501,0.6609523,0.6885812,0.64761907,0.62861735,0.6621004,0.64137924,0.6345608,0.6248276,0.27340963,0.12482537,0.20051074,0.11406366,0.7265597,0.32250407,0.66611403,0.5200278,0.22049181,0.15550473,3.0,1.0,0.62951875,0.63005644,0.55137664,cluster1_pred,2.0,3
0.5942029000000001,0.5717415,0.5593036,0.59953165,0.58597285,0.58597285,0.010752796,0.66376805,0.750533,0.64761907,0.6401383,0.6031747,0.5948553000000001,0.6499238,0.69379306,0.6855523,0.59724146,0.8164945,0.59365994,0.33504236,0.35275865,0.59452623,0.46684375,0.52125573,0.43339616,0.8684634,0.4281254,3.0,0.0,0.65689176,0.56855154,0.63400954,cluster0_pred,3.0,1
0.5304346999999999,0.22124864,0.20457016,0.23067917,0.22058824,0.22058824,0.028213812,0.6202898,0.61194026,0.56952375,0.58477503,0.56031746,0.54662377,0.56773204,0.58758616,0.60906506,0.5862069999999999,0.2625037,0.28350744,0.5390007,0.6055963000000001,0.5974421,0.48486435,0.26309565,0.25303718,0.15904671,0.11528413,3.0,1.0,0.60813034,0.6030877,0.5937975,cluster0_pred,3.0,1
0.57971025,0.69660467,0.6735582,0.7107729,0.688914,0.688914,0.024576617000000002,0.6028985,0.63752663,0.58476186,0.60899645,0.55714285,0.48231506,0.47792995,0.54896545,0.56232285,0.53241384,0.82476836,0.760526,0.6366029000000001,0.73925036,0.57525563,0.56407905,0.35890359999999993,0.28221040000000003,0.9257511,0.4017137,3.0,0.0,0.6451759,0.5380533,0.6525654,cluster2_pred,,1
0.53043467,0.59583795,0.56474423,0.5632319,0.53280544,0.53280544,0.12598498,0.47826082,0.57782525,0.48380953,0.43944633,0.43015876,0.26527327,0.0,0.09655176,0.05382431,0.111724265,0.9945129999999999,0.84815925,0.30904484,0.62836343,0.020810978,0.2689292,0.04512248,0.025812259,0.75875384,0.7969539000000001,3.0,2.0,0.6454859,0.4981483,0.5870396,cluster0_pred,3.0,3
0.6608696,0.19715224,0.16757344,0.18501171,0.16968325,0.16968325,0.024847426000000002,0.5999999,0.5842217,0.5466666,0.5640137,0.54285717,0.5401929,0.58904105,0.59586203,0.56090647,0.5365518,0.27000347,0.22869922,0.44597322,0.5145506,0.5508974,0.31961059999999997,0.26595756,0.40302894,0.14276847,0.10278268,3.0,1.0,0.6046322,0.6084819,0.57735384,cluster1_pred,2.0,1
0.6086956,0.055859804000000006,0.03482045,0.03864168,0.029411765,0.029411765,0.07912122,0.5913043,0.6673774,0.61333334,0.63840824,0.6031746,0.5916398,0.631659,0.62068963,0.6161473000000001,0.58344835,0.053476762000000004,0.0060039093000000005,0.32353094,0.27603940000000005,0.71067417,0.33140558,0.5923149000000001,0.48311058,0.05591737,0.06561683,3.0,1.0,0.6060842,0.6400957,0.5361633,cluster1_pred,2.0,1
0.61449265,0.72508216,0.7072904999999999,0.6803279000000001,0.65271497,0.65271497,0.11075193400000001,0.35652164,0.0,0.07809529999999999,0.10380612,0.20476198,0.1398713,0.21765599,0.35034484,0.47167134,0.52413803,0.9552616,0.9989418,0.77241224,0.9754940999999999,0.45075616,0.36870953,0.22246997,0.42906526,0.8867325,0.93601316,3.0,0.0,0.55570036,0.5056576,0.64094746,cluster2_pred,,3
0.5101448000000001,0.32092005,0.29270944,0.31498832,0.30316743,0.30316743,0.2557552,0.6637681,0.6695095999999999,0.58095235,0.5674739999999999,0.5587302,0.5160771,0.52815825,0.51586205,0.529745,0.5544828,0.46562250000000005,0.3605955,0.30280775,0.3223588,0.57626,0.27238593,0.14527586,0.10847311,0.37465224,0.17307487,3.0,2.0,0.6180942,0.58262795,0.580921,cluster0_pred,3.0,2
0.6173913000000001,0.043811607999999995,0.027203482,0.028103033,0.03619909,0.03619909,0.12515876,0.6376811,0.7228145,0.60571426,0.5986158,0.54761904,0.5176849,0.54794514,0.46482757,0.42634556,0.39862075,0.19584200000000002,0.13490470000000002,0.23418958,0.31812632,0.42473128,0.19024989,0.3662625,0.19838429999999999,0.11023946,0.14665909,3.0,1.0,0.62656903,0.6158301,0.5281936,cluster0_pred,3.0,3
0.6608696,0.6056954999999999,0.5963003000000001,0.62880564,0.6029412,0.6029412,0.017768773999999998,0.5884058000000001,0.64605546,0.5733334,0.6608996,0.5936509,0.60932475,0.6331810999999999,0.71724135,0.723796,0.66344833,0.78962296,0.51789385,0.35110447,0.26024994,0.8041404000000001,0.5207644,0.46959656,0.49108046,0.8761334000000001,0.8220843000000001,3.0,0.0,0.6000692,0.5545839,0.6706366,cluster2_pred,,3
0.6115941,0.1555312,0.13492927,0.15456675,0.14932127,0.14932127,0.04111904,0.6231884,0.6140725,0.5714286,0.63667816,0.6269842,0.61897105,0.64687973,0.6262069,0.62889516,0.60137933,0.24567108,0.13320617,0.23214903,0.14315094,0.7458854,0.2609219,0.46885070000000006,0.60105246,0.20223159,0.15603723,3.0,1.0,0.6071432,0.6233773,0.56360465,cluster1_pred,2.0,1
0.42898557,0.6944140999999999,0.7007616999999999,0.7271663,0.72171944,0.72171944,0.01324245,0.60869557,0.6886993,0.7085714,0.73356384,0.7111111,0.6366559,0.7229831999999999,0.6303448,0.6232293999999999,0.5875862,0.8614187,0.5876825,0.57114786,0.6185076,0.64807796,0.6218872,0.91213006,0.7488806,0.8777834999999999,0.588835,2.0,0.0,0.64052194,0.5568965,0.6254581,cluster0_pred,3.0,3
0.5536232,0.37897044,0.36996734,0.4004684,0.37782803,0.37782803,0.02592785,0.60869557,0.652452,0.6533333,0.634948,0.6079365,0.5980706,0.60121757,0.58344823,0.5736543000000001,0.5917241999999999,0.48625767,0.40630716,0.36939874,0.343116,0.69230163,0.4156214,0.7741838000000001,0.55075604,0.455949,0.17409877,3.0,2.0,0.64467275,0.596985,0.5804909,cluster0_pred,3.0,3
0.6376811,0.15443592,0.12840044,0.15456675,0.13914026,0.13914026,0.029300785,0.6086956,0.6545842,0.58095235,0.6020760000000001,0.5841270000000001,0.5385852,0.5996955,0.6165517,0.6373937,0.61793107,0.19983031,0.19553438,0.28079540000000003,0.2040299,0.74551105,0.24889296,0.25395778,0.20237507,0.19795255,0.11732174,3.0,1.0,0.612988,0.6284488,0.57731,cluster1_pred,2.0,2
0.5420286999999999,0.9452355,0.9521218000000001,1.0,0.9886879000000001,0.9886879000000001,0.063839525,0.7652175999999999,0.6993604,0.64190483,0.801038,0.89841276,0.9726689000000001,1.0,1.0,1.0,0.95586216,0.9104179,0.7010544,0.9507535,0.903051,1.0,0.9501019,0.707212,0.76683885,0.99858195,0.6397594,3.0,0.0,0.58965284,0.56903964,0.71677965,cluster2_pred,,2
0.6318838999999999,0.59583795,0.58106637,0.618267,0.59162897,0.59162897,0.0013446842000000001,0.6173913000000001,0.6204691,0.5409524,0.58996534,0.5555555999999999,0.54340833,0.6225265999999999,0.5986206999999999,0.6133144,0.62068975,0.73950285,0.5412925999999999,0.46676296,0.46472743,0.69199204,0.47105175,0.22729927,0.35969034,0.8709744,0.33810633,3.0,0.0,0.62895584,0.55319816,0.6623915,cluster2_pred,,3
0.6086956,0.14457831,0.12731227,0.14637004,0.14479637,0.14479637,0.052792534,0.6376811,0.6545842,0.5828571,0.61072654,0.5619048000000001,0.5610932,0.63926935,0.63310343,0.65014154,0.6110345,0.20972057,0.19682539,0.26995304,0.18897176,0.74836844,0.26763170000000003,0.17971121,0.21385875,0.20376505,0.12944834,3.0,1.0,0.609471,0.62662464,0.58418316,cluster1_pred,2.0,3
0.5942029000000001,0.14895947,0.12731227,0.15339579,0.13574660000000002,0.13574660000000002,0.039408837,0.6144927,0.63539445,0.56952375,0.5761245,0.5777778,0.53376204,0.5494671999999999,0.5531034,0.54957503,0.5006897,0.34879732,0.17065278,0.124624364,0.10570079,0.56583863,0.06893613,0.084113404,0.13673028,0.25373802,0.15389913,3.0,1.0,0.6277098,0.61660784,0.57158166,cluster0_pred,3.0,1
0.62898546,0.43921137,0.41022846,0.43442625,0.4117647,0.4117647,0.14521489999999998,0.5101449,0.5138593,0.4228571,0.46366778,0.43968254,0.45659160000000004,0.5144595999999999,0.46620685,0.4022662,0.4027587,0.93611276,0.5349258000000001,0.030519128,0.13161385,0.29895252,0.17348199,0.13602379,0.28965914,0.62791383,0.5825286,3.0,2.0,0.61207044,0.54644585,0.6040949,cluster0_pred,3.0,1
0.63478255,0.39978096,0.36996734,0.4086651,0.38009048,0.38009048,0.019170051,0.573913,0.5906183,0.54476184,0.57958466,0.54761904,0.5594855,0.6133940999999999,0.59862065,0.63739365,0.6317242,0.5190683,0.34877193,0.30358112,0.22950411,0.7510001000000001,0.29517555,0.26933056,0.4547164000000001,0.4302465999999999,0.20166737,3.0,2.0,0.60867226,0.5894474,0.6133182,cluster2_pred,,3
0.58550715,0.7239869000000001,0.7127312,0.7599531999999999,0.7228507,0.7228507,0.013759511,0.59999996,0.5671642,0.6342857,0.6764705,0.63809526,0.58360124,0.6347031,0.59586203,0.69830024,0.65103453,0.78607434,0.7365079000000001,0.6497005,0.64590895,0.77953374,0.63102883,0.7289573,0.64679646,0.8733784,0.6422515000000001,3.0,0.0,0.5948979,0.5468391,0.64944863,cluster2_pred,,1
0.71014494,0.388828,0.35908595,0.39578459999999993,0.38461536,0.38461536,0.02097567,0.63478255,0.6268656,0.5409523,0.5830449000000001,0.56984127,0.5385850999999999,0.6118720999999999,0.60551715,0.6147308000000001,0.617931,0.51444215,0.35017744,0.30977175,0.2436844,0.73897094,0.3172031,0.16419122,0.30403218,0.4395255,0.19085492,3.0,2.0,0.6189188,0.5921496,0.62564605,cluster2_pred,,1
0.7014493,0.035049282,0.006528829,0.0035128775,0.0,0.0,0.1941317,0.5536232,0.56289977,0.46857142,0.49134943,0.46349207,0.35852087,0.36681882,0.36827585,0.37535408,0.34344834,0.20580038,0.17782384,0.25397184,0.37940952,0.35654786,0.0,0.037501965,0.02391951,0.005715006999999999,0.11826522,3.0,1.0,0.5940171,0.58421016,0.5215516,cluster0_pred,3.0,1
0.5999999,0.20920043,0.1882481,0.22365339,0.20475115,0.20475115,0.012859858,0.6115941999999999,0.66311306,0.6,0.64878887,0.57619053,0.5594855,0.5768645,0.5793103000000001,0.5779036,0.54758626,0.2739732,0.24969596,0.48138487,0.55205077,0.5633201,0.44715914,0.5723988,0.43863884,0.16158440000000002,0.10162325,3.0,1.0,0.62300754,0.6114755,0.5601969,cluster0_pred,3.0,2
0.5884058000000001,0.5914568,0.5963003000000001,0.6241218000000001,0.6165158000000001,0.6165158000000001,0.017957497,0.6463768,0.6609808,0.6609523,0.63321793,0.6428571999999999,0.60771704,0.7610349000000001,0.7268965000000001,0.7067988000000001,0.6579311,0.79504186,0.509546,0.3356551,0.23732215,0.8109522,0.54210305,0.5206363,0.5358304,0.8825845999999999,0.8593793,3.0,0.0,0.6135159,0.5641098,0.6798477,cluster2_pred,,3
0.68985504,0.08762321599999999,0.07290531,0.09016394,0.08257917,0.08257917,0.07419243,0.6550724,0.6695095999999999,0.6304761999999999,0.65570927,0.63809526,0.6237941999999999,0.67427695,0.63448274,0.64022654,0.62620693,0.028797561,0.12322755,0.5290764,0.5496673000000001,0.67855495,0.64903283,0.776701,0.76301724,0.038642418,0.06812470400000001,3.0,1.0,0.59578395,0.62855667,0.5421153,cluster1_pred,2.0,3
0.6753621999999999,0.44906902,0.42981499999999995,0.46252927,0.44004527,0.44004527,0.0638283,0.65507245,0.6972281,0.6342857,0.6608996,0.57619053,0.5176849,0.53272444,0.5255171999999999,0.51841354,0.5255173000000001,0.8320266,0.45089227,0.017392615,0.009325769,0.49622104,0.25060517,0.32216617,0.17197928,0.5802911999999999,0.46282706,3.0,2.0,0.66075695,0.57954514,0.60100025,cluster0_pred,3.0,1
0.6057971,0.16210297,0.13275298,0.15925059,0.14592760000000002,0.14592760000000002,0.06538463,0.6173911999999999,0.6226013000000001,0.5828571,0.5795847,0.53015876,0.5273310999999999,0.5616438,0.52689654,0.48300278,0.4082759,0.37663496,0.18761057,0.123150334,0.12676336,0.52318484,0.08493207400000001,0.20854007,0.21732876,0.27316347,0.18492892,3.0,1.0,0.63028526,0.60970163,0.5652043,cluster0_pred,3.0,2
0.5333333,0.075575024,0.10119696,0.07142857,0.1153846,0.1153846,0.41730976,0.80579704,0.8294243,0.75999993,0.7750864000000001,0.74920636,0.7218649,0.75494665,0.7241379,0.7393767,0.7048276,0.00022914182,0.01913227,0.44940573,0.38521466,0.79976207,0.81200236,0.83001137,0.68215036,0.15641819,0.07982295,3.0,1.0,0.60033834,0.6212442,0.534899,cluster1_pred,2.0,1
0.60869557,0.3723987,0.35908595,0.39110073,0.38348418,0.38348418,0.022352159,0.63478255,0.7356077,0.61904764,0.63667816,0.6206349,0.5627009,0.60273963,0.5710345,0.62322944,0.6041380000000001,0.48851815,0.4095241,0.36047086,0.33519998,0.6863044,0.4338356,0.56253767,0.31600577,0.46528918,0.1766517,3.0,2.0,0.6490376,0.5991907,0.6003185,cluster0_pred,3.0,3
0.62898546,0.12267249999999999,0.11207834,0.12412178,0.12217195,0.12217195,0.07659835,0.6115941999999999,0.6823028,0.5790476,0.63840824,0.6539683000000001,0.65755624,0.6925418000000001,0.69103444,0.7053824000000001,0.6827586999999999,0.04637336400000001,0.054962818,0.6023217,0.6127931999999999,0.7311430999999999,0.7299338000000001,0.76148033,0.8357802,0.17504902,0.08270417,3.0,1.0,0.58818376,0.61612433,0.55981404,cluster1_pred,2.0,1
0.5884057,0.112814896,0.085962996,0.091334894,0.09615385,0.09615385,0.27380905,0.46376806,0.46908316,0.41333336,0.46020758,0.43809524,0.43086815,0.47031957,0.47310343,0.46883848,0.44137937,0.21132456,0.22514284,0.4483003,0.5284039,0.5305017,0.15581739,0.10401338,0.18600541,0.14959057,0.10911201,3.0,1.0,0.5627222,0.5723428,0.5495766,cluster1_pred,2.0,2
0.6115941999999999,0.42387733,0.39825898,0.44145203,0.42194572,0.42194572,0.04875404,0.6144928000000001,0.6012793000000001,0.5314286,0.5657439000000001,0.5571429,0.5289389,0.60426176,0.6068965999999999,0.63031155,0.60965526,0.65135753,0.46772486,0.15050179,0.05288687,0.72432315,0.24524079999999998,0.11014919,0.24250847,0.49040928,0.31809315,3.0,2.0,0.6155661,0.58545583,0.62520397,cluster2_pred,,1
0.70724636,0.7020811,0.6735582,0.68618274,0.65158373,0.65158373,0.033941466,0.47826082,0.5202558,0.45523807,0.4377162,0.53492063,0.53697747,0.57077616,0.52689654,0.5410764,0.49517244,0.8040218000000001,0.7343915,0.60823834,0.66236323,0.6525635999999999,0.49021226,0.31054032,0.5299436,0.83941454,0.65001386,3.0,0.0,0.56110173,0.5345331,0.6696512,cluster2_pred,,1
0.65217394,0.20372398,0.18063110000000002,0.20725997,0.19570135,0.19570135,0.021280387,0.5999999,0.62899786,0.58285713,0.6124567,0.6142857,0.5482315,0.59360725,0.555862,0.5779036,0.5434483,0.27425188,0.24377319,0.47374160000000004,0.5426266,0.56311613,0.40638462,0.57239866,0.54158866,0.16439386,0.09687806,3.0,1.0,0.6154001,0.6097068,0.5571839,cluster0_pred,3.0,3
0.60869557,0.72946334,0.7247007,0.7599531999999999,0.74434394,0.74434394,0.036663808,0.62898546,0.74840087,0.7733333,0.83044976,0.7968254,0.79581994,0.8340943000000001,0.79724133,0.7932011,0.7503449000000001,0.74657524,0.58286136,0.63576764,0.5727994000000001,0.88333297,0.86946243,0.9451303,0.9366865,0.9237261999999998,0.344463,3.0,0.0,0.63977057,0.56980604,0.64518476,cluster2_pred,,3
0.573913,0.6779847,0.7355821,0.7131148,0.7375566,0.7375566,0.10303976,0.81159425,0.76119405,0.7314286,0.80103797,0.7873015999999999,0.755627,0.8036529,0.7655173000000001,0.82861185,0.7600001000000001,0.76488185,0.5711206,0.5280767,0.41520640000000003,0.9266681,0.7105312,0.74108434,0.7344248000000001,0.87835133,0.7778643,3.0,0.0,0.6096008,0.5659583,0.67159444,cluster2_pred,,1
0.54782605,0.18729465,0.15886833,0.19320843,0.17420813,0.17420813,0.0071195764,0.62608695,0.6588486,0.58095235,0.61072654,0.5888889,0.5578778,0.5996955,0.57241374,0.6048158,0.5875862,0.23148905,0.21649121,0.43892968,0.47231814,0.6131926999999999,0.38123876,0.082506366,0.090155266,0.08508759,0.034580495,3.0,1.0,0.62077725,0.6243382,0.59030324,cluster1_pred,2.0,1
0.5942029000000001,0.5815991,0.55603915,0.5983607,0.5825792,0.5825792,0.006747976,0.63478255,0.6780383000000001,0.695238,0.6868510999999999,0.59047616,0.5257234000000001,0.5372906,0.53655165,0.45042488,0.4234483,0.85447633,0.646212,0.33739212,0.4214236,0.47209543,0.41982877,0.57511854,0.34994173,0.8576559000000001,0.51261246,3.0,0.0,0.6658819,0.55696625,0.62047184,cluster0_pred,3.0,1
0.6637681,0.07228915400000001,0.045701843,0.067915685,0.05882353,0.05882353,0.03652279,0.62608695,0.6631130000000001,0.59809524,0.63321793,0.58888894,0.5675241,0.6255706999999999,0.5944826999999999,0.59206796,0.5737932,0.017557222,0.12781952,0.5083678,0.5339298000000001,0.6597565,0.5356717,0.5412871,0.41910005,0.02280433,0.06916839999999999,3.0,1.0,0.6029038,0.63165575,0.5576476,cluster1_pred,2.0,1
0.55942017,0.45345017,0.42763874,0.47540987,0.45022628,0.45022628,0.028621427999999997,0.6057971,0.6439233,0.5885714,0.6020761,0.61269844,0.6157556,0.6727549,0.657931,0.6728045,0.5931035,0.69736546,0.39842525,0.13341556,0.028185949,0.7306348000000001,0.29670206,0.39460292,0.5147489000000001,0.5116351,0.3576605,3.0,2.0,0.63285345,0.5936153,0.6099895,cluster0_pred,3.0,3
0.6405798,0.8729463,1.0,0.89344263,0.9581448,0.9581448,0.23598997,0.8521738999999999,1.0,1.0,0.9930795,1.0,0.96623796,0.9802129999999999,0.9310345,0.957507,0.9213793,0.8806417999999999,0.6400778,0.79377925,0.76187325,0.8982678,0.9881308000000001,0.8998801,0.8914646,0.9927039000000001,0.60363716,3.0,0.0,0.63054067,0.5724518,0.66608703,cluster2_pred,,3
0.59130424,0.61993426,0.6115343000000001,0.6510539000000001,0.6221720000000001,0.6221720000000001,0.017590808,0.62898546,0.7036247,0.6209524000000001,0.65051895,0.6650794,0.6350482,0.6986300999999999,0.71999997,0.7124646,0.6620691,0.76053435,0.5088801,0.44108325,0.40143429999999997,0.75021815,0.5648955,0.6656688000000001,0.7804506999999999,0.88205636,0.40976316,3.0,0.0,0.63089347,0.5619499,0.6356393,cluster2_pred,,2
0.5130434,0.6210296,0.6441784,0.647541,0.6843891,0.6843891,0.027073989,0.70724636,0.6098081,0.5257142,0.5449826,0.4793651,0.56591636,0.62861484,0.6013793000000001,0.5764872,0.5586207,0.81389964,0.7343915,0.5958566999999999,0.6613401,0.6257045,0.550573,0.2775227,0.37593964,0.85591066,0.6578794,3.0,0.0,0.59969944,0.5412942,0.6834766,cluster2_pred,,2
0.62898546,0.66484123,0.68770397,0.7107729,0.7126697,0.7126697,0.03831695,0.72753614,0.6993604,0.6171428000000001,0.6401383,0.6269840999999999,0.6093246999999999,0.62100446,0.555862,0.51416427,0.56413794,0.84384906,0.7502637,0.61296135,0.71746176,0.560914,0.62645835,0.4381267,0.37961495,0.92912227,0.39291040000000005,3.0,0.0,0.6654522,0.5466003,0.6596108,cluster0_pred,3.0,1
0.57971025,0.54107344,0.52121866,0.5632319,0.55203617,0.55203617,0.008682216500000001,0.573913,0.5970149,0.5466666,0.5899653,0.64285713,0.6045015,0.57990855,0.52689654,0.5014162999999999,0.48551723,0.84085166,0.6225348,0.32447082,0.38639438,0.5073196,0.3648065,0.6366497,0.6456185999999999,0.8625186,0.48745355,3.0,0.0,0.6387143,0.5542324,0.611801,cluster0_pred,3.0,2
0.58550715,0.5268345999999999,0.5799781999999999,0.55854803,0.5995475,0.5995475,0.044947296,0.83188397,0.79744136,0.6723809000000001,0.6643598000000001,0.62539685,0.65594846,0.5996955,0.5572413,0.52549565,0.47862074,0.8142401999999999,0.46878305,0.18661296,0.13377427,0.6575614000000001,0.51483184,0.44987136,0.28163168,0.9139646999999999,0.9422929,3.0,0.0,0.660736,0.55807656,0.68828565,cluster2_pred,,2
0.6028986,0.59583795,0.5745375,0.6112411999999999,0.6040724000000001,0.6040724000000001,0.014288965,0.6318838999999999,0.71002126,0.6209523,0.66955006,0.69523805,0.65755624,0.6727549,0.64,0.65722376,0.6413793000000001,0.78726345,0.49386242,0.38529724,0.36264816,0.6928576,0.51665735,0.8372421999999998,0.81193143,0.8832095,0.4053314,3.0,0.0,0.65053153,0.5633855,0.6127585,cluster0_pred,3.0,2
0.6347826,0.14786418,0.12840044,0.15339579,0.14366515,0.14366515,0.09481426,0.6550724,0.6972281,0.6514285,0.6747404,0.64920634,0.6430868000000001,0.67884314,0.65793097,0.64872515,0.62620693,0.08465244599999999,0.08444754,0.5973544,0.64574564,0.65822893,0.7978215999999999,0.8835133,0.7924335,0.13799854,0.042646505,3.0,1.0,0.6049025,0.6186177,0.54416066,cluster1_pred,2.0,1
0.68405795,0.65826946,0.66376495,0.6943794,0.7036199000000001,0.7036199000000001,0.02548235,0.75652176,0.76332617,0.6952381,0.6470588,0.6714286,0.5771704000000001,0.60273963,0.5793103000000001,0.54249287,0.6082759,0.8489645,0.70167786,0.5381613000000001,0.6179934,0.5724021,0.59410024,0.532554,0.36042973,0.8675257,0.58264804,3.0,0.0,0.65819746,0.55351657,0.65074265,cluster0_pred,3.0,2
0.62898546,0.4184009,0.40261152,0.42857143,0.40497738,0.40497738,0.038450483,0.5942029000000001,0.66950965,0.6133333000000001,0.63667816,0.64761907,0.6559486,0.6514459,0.60137933,0.60906506,0.57931036,0.5390904000000001,0.34285712,0.25050646,0.15563582,0.76527953,0.35443407,0.82848614,0.7877105,0.43894970000000005,0.24419995,3.0,2.0,0.6365407,0.59867406,0.5847964,cluster0_pred,3.0,1
0.6637682,0.3953998,0.36561477,0.3793911,0.3540724,0.3540724,0.096451275,0.53623176,0.53944564,0.4838094,0.5138407,0.49841270000000004,0.44694522,0.49010643,0.48965514,0.5028328,0.47034487,0.58389074,0.45699006,0.15444669,0.09027911,0.66384417,0.12698929,0.035661953999999996,0.06686927,0.41805288,0.2692928,3.0,2.0,0.6085454,0.57542056,0.6146401,cluster2_pred,,3
0.5681159,0.12376779,0.11425461599999999,0.12763466,0.12895928,0.12895928,0.16898027,0.6753623000000001,0.7420043000000001,0.6895238,0.70069194,0.69682544,0.6848874,0.7290715,0.70482755,0.7252124,0.67724144,0.036291122,0.049735438,0.5720130999999999,0.57290137,0.7350304,0.81999236,0.9246015999999999,0.8587074,0.13538887,0.07599383,3.0,1.0,0.5967744,0.6222036,0.54227895,cluster1_pred,2.0,1
0.6086956,0.21248633,0.20457016,0.22014052,0.22624433,0.22624433,0.036804125,0.6753621999999999,0.72707886,0.6609523,0.7162629,0.71269846,0.65755624,0.70015216,0.67999995,0.68271947,0.6579311,0.2137027,0.1482751,0.48561522,0.47809365,0.7108943,0.6909635000000001,1.0,0.93410015,0.13542068,0.05829271,3.0,1.0,0.6148479,0.62342346,0.5404474,cluster1_pred,2.0,2
0.6231884,0.06133625,0.04243743,0.05503512,0.05429863,0.05429863,0.062891,0.6376811,0.6332621999999999,0.5638095000000001,0.60726637,0.56984127,0.5401929,0.59360725,0.53931034,0.6373937,0.63862073,0.009754012,0.1326984,0.5092916000000001,0.5209138,0.68614537,0.51264274,0.26616725,0.23097996,0.021549646000000002,0.09456647,3.0,1.0,0.5921003,0.62448114,0.5706454,cluster1_pred,2.0,3
0.62608695,0.18838993,0.16104461,0.19437939,0.17307691,0.17307691,0.016872395,0.62608695,0.641791,0.58095235,0.6055362,0.5714286,0.5514469,0.5814307,0.5931034000000001,0.6104815,0.60413796,0.2349943,0.21736765,0.43944845,0.47502068,0.6093644,0.37270343,0.084373735,0.103220515,0.08854257,0.046151199999999996,3.0,1.0,0.6168481,0.6228012,0.58838314,cluster1_pred,2.0,3
0.6086957,0.5487404,0.5190424,0.51873535,0.52375567,0.52375567,0.03908447,0.5536230999999999,0.56929636,0.49523807,0.57958466,0.46190476,0.40996775,0.42009120000000005,0.39999995,0.36685544,0.31172416,0.8186311,0.62159806,0.16337267,0.13709034,0.59739405,0.41319728,0.17531823,0.1424933,0.9143379,0.9774726,3.0,2.0,0.6173816,0.52710855,0.6887542,cluster2_pred,,3
0.59999996,0.7524645000000001,0.72578883,0.7693209,0.73190045,0.73190045,0.018934557,0.5275361999999999,0.72068226,0.6704762,0.6747404,0.6111111,0.6028938,0.62100446,0.6965517,0.6883852,0.6951725000000001,0.7784074000000001,0.7365079000000001,0.64803034,0.62628406,0.8122053000000001,0.64997405,0.6630047,0.49255025,0.88220876,0.67152196,3.0,0.0,0.5978366,0.55175847,0.6595109,cluster2_pred,,2
0.6086957,0.5728368,0.5908595999999999,0.5807963,0.61312217,0.61312217,0.04361641,0.721739,0.66737735,0.6380952,0.6384082,0.731746,0.71061087,0.7123286999999999,0.66758615,0.6657223000000001,0.6786207,0.80434376,0.49121767,0.28592740000000005,0.19162537,0.78053725,0.53686976,0.6007726999999999,0.70480305,0.8859239999999999,0.90758616,3.0,0.0,0.61693627,0.5630606,0.66709197,cluster2_pred,,2
0.6028985,0.30339542,0.28073993,0.3091335,0.29524887,0.29524887,0.05318986,0.5884057,0.5778251999999999,0.5295238,0.5328719,0.48253974,0.45819932,0.5159817,0.5586207,0.5354107,0.5075863,0.47313467,0.38224941,0.3184676,0.33915886,0.58135,0.20869577,0.1198105,0.15612279,0.39833558,0.17320892,3.0,2.0,0.6191775,0.58310646,0.604944,cluster0_pred,3.0,1
0.35652164,0.77437025,0.79107726,0.7974239000000001,0.75678736,0.75678736,0.15998632,0.0,0.27718556,0.19999994,0.3477509,0.30634920000000004,0.29742765,0.47792995,0.59172416,0.6770538,0.6537932,0.9444114,1.0,0.90260524,1.0,0.70757407,0.4761367,0.39798525,0.56746197,0.9287713,0.907719,2.0,0.0,0.43763438,0.51528275,0.6504864,cluster2_pred,,3
0.59710145,0.048192766,0.020674638000000002,0.0409836,0.026018088999999998,0.026018088999999998,0.048619572,0.62898546,0.652452,0.59428567,0.60207605,0.5746031999999999,0.58360124,0.61796033,0.6013793000000001,0.6189800999999999,0.6317242,0.11457714,0.0,0.26993313,0.24540584,0.6432128,0.23552053,0.1860054,0.25153214,0.049311377,0.072469294,3.0,1.0,0.6089958,0.6415141,0.5534301,cluster1_pred,2.0,2
0.6753621999999999,0.19824754,0.18389554,0.20374708,0.20588237,0.20588237,0.028706785,0.6695651999999999,0.69509596,0.6647619,0.7110725999999999,0.6428571999999999,0.63022506,0.67427695,0.64551723,0.65864015,0.63034487,0.21549867,0.14708993,0.461805,0.467682,0.6749708999999999,0.60656935,0.9634937,0.7526184,0.11639701599999999,0.04961393,3.0,1.0,0.622508,0.6272408,0.5373978,cluster1_pred,2.0,3
0.51594204,0.7765608,0.75299233,0.77400476,0.760181,0.760181,0.042298384,0.5188406,0.6886993,0.62666667,0.6418684,0.6238095,0.6768488,0.7960425,0.8027585999999999,0.8215296000000001,0.8013794,0.773614,0.6518199,0.745329,0.71104485,0.88037837,0.7862292,0.7024969,0.81102854,0.9407540000000001,0.39340276,3.0,0.0,0.5951274,0.55442405,0.6605971,cluster2_pred,,1
0.68405795,0.5815991,0.56256795,0.619438,0.59615386,0.59615386,0.0041891006,0.6028986,0.64605546,0.62666667,0.63321793,0.63492066,0.67041796,0.68797565,0.6441379,0.64164305,0.62206906,0.77748466,0.49755767,0.39845586,0.37232329999999997,0.7054071999999999,0.4966577999999999,0.8623936,0.85800207,0.8871083000000001,0.3799715,3.0,0.0,0.6453438,0.56265205,0.61338776,cluster0_pred,3.0,3
0.63478255,0.13691129,0.10881393,0.13583137,0.1244344,0.1244344,0.05134285,0.5942029000000001,0.6268657,0.5542857,0.5813148,0.5444445,0.54662377,0.56621,0.52827585,0.5481585999999999,0.51310354,0.33403313,0.16424708,0.12529157,0.09862025,0.5805763,0.05078209,0.09167757,0.09686339999999999,0.26443979999999995,0.14541994,3.0,1.0,0.626866,0.6165048,0.5690472,cluster0_pred,3.0,2
0.6289855,0.025191667,0.0,0.01990632,0.012443427,0.012443427,0.036617737000000004,0.63478255,0.6439232,0.57523805,0.5986158,0.5825397,0.5594855,0.589041,0.6013793000000001,0.62039655,0.5958621000000001,0.010775861999999999,0.06137565,0.3618105,0.33371059999999997,0.6921904999999999,0.28382206,0.18144476,0.16074607,0.02902015,0.01010637,3.0,1.0,0.6078165,0.6432213,0.5610745,cluster1_pred,2.0,3
0.67826086,0.032858702999999996,0.010881382,0.035128802,0.022624427000000003,0.022624427000000003,0.03004188,0.6434781999999999,0.673774,0.6152380999999999,0.6245674,0.6,0.5803858000000001,0.6270928000000001,0.6055172,0.6005665,0.6,0.0033875841,0.059657555,0.37900716,0.35070986,0.7004799,0.36957112,0.52719706,0.32354233,0.011321309,0.0,3.0,1.0,0.6169967,0.6500584,0.54425687,cluster1_pred,2.0,3
0.57971007,0.13472071,0.12295972,0.14285715,0.1244344,0.1244344,0.097476505,0.62898546,0.6503198,0.61904764,0.6107266,0.620635,0.6430868000000001,0.7016741999999999,0.67448276,0.7067988000000001,0.6813794,0.049928162000000005,0.056636047,0.60861284,0.6248663000000001,0.7232721999999999,0.7377646,0.7439928000000001,0.7945313,0.13423611,0.0803891,3.0,1.0,0.58722675,0.61689323,0.5590168,cluster1_pred,2.0,2
0.6202898,0.22891566,0.22524482,0.24121779999999998,0.239819,0.239819,0.050499324000000005,0.6637681,0.6652452,0.5885714,0.62110716,0.56031746,0.54340833,0.6210045,0.6386206999999999,0.6685552,0.6855173000000001,0.18502279,0.21365851,0.5580696999999999,0.5369765000000001,0.7695481,0.6388812,0.18330395,0.20006128,0.18579197,0.18501046,3.0,1.0,0.5940688,0.6038802,0.6185915,cluster2_pred,,1
0.62608695,0.11719605,0.094668105,0.12177986,0.106334835,0.106334835,0.035621036,0.6202898,0.6631130000000001,0.59047616,0.6159169,0.57301587,0.5610932,0.60121757,0.61241376,0.59631723,0.59724146,0.06876115,0.07333630000000001,0.58348143,0.64268553,0.6316991,0.62682486,0.28864536,0.23356894,0.11616478,0.06233741,3.0,1.0,0.60827744,0.6165474,0.58658856,cluster1_pred,2.0,1
0.5913043,0.06133625,0.03373231,0.045667447,0.03619909,0.03619909,0.07188143599999999,0.60579705,0.673774,0.59428567,0.6176470000000001,0.60634923,0.6350482,0.6407914000000001,0.59862065,0.5793201,0.5434483,0.16316761,0.07379398,0.24569929,0.25470918,0.5695858,0.24201992,0.71076554,0.74533176,0.08795434,0.12370127,3.0,1.0,0.6058317,0.62560666,0.5182226,cluster1_pred,2.0,1
0.63768107,0.6746988,0.66594124,0.6967213000000001,0.6923077,0.6923077,0.019066686,0.6173913000000001,0.6055437,0.47619048,0.4515571,0.5285714,0.5176849,0.5585996,0.5531034,0.6218130000000001,0.6689656,0.79738903,0.77757925,0.68652266,0.75174224,0.66796154,0.57946235,0.19837193,0.3388242,0.94204164,0.42696175,3.0,0.0,0.6054418,0.5381602,0.68088865,cluster2_pred,,2
0.5449275,0.39649507,0.3775843,0.41803282,0.39819005,0.39819005,0.015048068000000001,0.6115941999999999,0.61620474,0.6133334,0.6453287,0.5968255,0.5610932,0.61643827,0.6055172,0.60198295,0.6013794,0.50340617,0.35422754,0.35501096,0.29347637,0.75133103,0.40029000000000003,0.6401974,0.53460646,0.46861845,0.19523679,3.0,2.0,0.6365887,0.5949629,0.5970271,cluster0_pred,3.0,1
0.51594204,0.2957284,0.2665941,0.2822014,0.25904977,0.25904977,0.08554389,0.5101448000000001,0.6012793000000001,0.52952373,0.5415224000000001,0.4904762,0.48070735,0.50532717,0.4689655,0.46883845,0.45379314,0.46089724,0.35059386,0.28308928,0.31131178,0.55102587,0.17653272,0.110130474,0.10517083,0.3361888,0.18803795,3.0,2.0,0.6158297,0.5815311,0.590164,cluster0_pred,3.0,1
0.7217392,0.36254108,0.33188248,0.36416864,0.34049773,0.34049773,0.039039105,0.5565217,0.5970149,0.54476184,0.5294116999999999,0.5111111,0.47266877,0.56925416,0.56551725,0.5509915,0.51034486,0.49328056,0.4163657,0.33649266,0.32317087,0.6530031999999999,0.24532667,0.08605623,0.12274374,0.42845726,0.1732464,3.0,2.0,0.6194844,0.5828204,0.6254872,cluster2_pred,,2
0.6144927,0.22343922,0.19804133,0.21428572,0.19570135,0.19570135,0.03835881,0.59130424,0.6652452,0.6095238000000001,0.65743935,0.62222224,0.5675241,0.62861484,0.6027585999999999,0.6076486999999999,0.59448284,0.25653985,0.16812697,0.45523279999999994,0.49121028,0.6158807,0.4693666,0.66597944,0.5530078,0.12489513,0.097947255,3.0,1.0,0.6140483,0.6186906,0.55112857,cluster1_pred,2.0,2
0.80579704,0.050383344000000004,0.04896626,0.045667447,0.04411765,0.04411765,0.13089506,0.67826086,0.7100213000000001,0.6438095,0.6730103000000001,0.63492066,0.6157556,0.65449005,0.6386206999999999,0.64305943,0.60275865,0.0011952536,0.017989414,0.39886436,0.36287457,0.7239547,0.5219879,0.6516662,0.4839553,0.0,0.025168004,1.0,1.0,0.60801953,0.64681745,0.5386986,cluster1_pred,2.0,2
0.6202899000000001,0.6933187,0.67791075,0.72599536,0.6979638000000001,0.6979638000000001,0.013462743999999999,0.63768107,0.66098076,0.5561904000000001,0.5224912,0.4539683,0.52090025,0.5738203000000001,0.5572413,0.569405,0.60413796,0.80613977,0.7716613,0.66978717,0.75128645,0.62993103,0.5937557,0.19377802,0.22590847,0.93870765,0.41192347,3.0,0.0,0.63205963,0.5397973,0.6812234,cluster2_pred,,2
0.6666667,0.04271632,0.015233948,0.030444965,0.026018088999999998,0.026018088999999998,0.050940145,0.6028985,0.63539445,0.58285713,0.65743935,0.5968254,0.5514469,0.56621,0.5448276,0.53682715,0.43862075,0.18162282,0.09977552,0.22941591,0.2761559,0.49181187,0.16868523,0.6926855,0.565079,0.11971341,0.12729682,3.0,1.0,0.6199852,0.6213921,0.51255405,cluster1_pred,2.0,3
0.57971007,0.58488506,0.56583244,0.5702576,0.5373303,0.5373303,0.01984824,0.49275362,0.49253735,0.39999998,0.451557,0.33968259999999995,0.31350482,0.40487059999999997,0.47448277,0.48866850000000006,0.47310355,0.8721698,0.7011725000000001,0.40419528,0.5391238,0.40807214,0.29863968,0.028465796,0.075014114,0.8420161,0.58279306,3.0,2.0,0.6025354,0.5254163,0.6499311,cluster2_pred,,3
